espn,bbref
JJ QuinerlyJ. Quinerly#11,JJ Quinerly
Teaira Mc,Teaira McCowan
Aari Mc,Aari McDonald
A'ja WilsonA. Wilson#22,A'ja Wilson
Kayla Mc,Kayla McBride
Megan Mc,Megan McConnell
Sarah Ashlee,Sarah Ashlee Barker
Myisha Hines,Myisha Hines-Allen
Olivia Nelson,Olivia Nelson-Ododa
Te-Hina Paopao,Te-Hina PaoPao
Janelle Salaun,Janelle Salaün
Hailey Van,Hailey Van Lith
Shatori Walker,Shatori Walker-Kimbrough
Anastasiia Olairi,Anastasiia Kosu
Laura Juskaite,Laura Juškaitė
Noemie Brochant,Noémie Brochant
Frieda Buhner,Frieda Bühner
Raquel Carrera,Raquel Carrera Quintana
Emma Cechova,Emma Čechová
Angela Dugalic,Angela Dugalić
Luisa Geiselsoder,Luisa Geiselsöder
Eliska Hamzova,Eliška Hamzová
Flau'jae JohnsonF. Johnson#4,Flau'jae Johnson
Sika Kone,Sika Koné
Betnijah Laney,Betnijah Laney-Hamilton
Charlisse Leger,Charlisse Leger-Walker
Cotie Mc,Cotie McMahon
Jovana Nogic,Jovana Nogić
Cheyenne Parker,Cheyenne Parker-Tyus
Katie Lou,Katie Lou Samuelson
Marta Suarez,Marta Suárez
Alex Wilson,Ally Wilson
Grace Van,Grace VanSlooten
Juste Jocyte,Justė Jocytė
Monique Akoa,Monique Akoa Makani
Alicia Florez,Alicia Flórez
Leila Lacan,Leïla Lacan
Dorka Juhasz,Dorka Juhász
